{
    "train": [
        {
            "f1": 0.4608367411135577,
            "loss": 0.5096674098581226
        },
        {
            "f1": 0.5986281438370401,
            "loss": 0.4589231038456641
        }
    ],
    "valid": [
        {
            "f1": 0.5449358059914408,
            "loss": 0.47024877098473633
        },
        {
            "f1": 0.618925831202046,
            "loss": 0.4387900084257126
        }
    ]
}